audio,text,order,name,command

0,اتصل بمحمود,اتصل,محمود,call
4,اغلق الدردشة,اغلق الدردشة,,closeChat
5,محادثة من مفتوحة الان,محادثة مفتوحة,,openedChat
6,اقرا رسائل علي,اقرا رسائل,علي,readMessages
7,ارسل رسالة نصية الى سليمان,رسالة نصية,سليمان,textMessage
8,ارسل رسالة صوتية الى وليد,رسالة صوتية,وليد,voiceMessage
9,قم بحظر وائل,حظر,وائل,block
10,قم بفك الحظر عن سيد,فك الحظر,سيد,unblock
11,اتصل باسعد سعيد,اتصل,اسعد سعيد,call
12,انهي المكالمة,انهي المكالمة,,endCall
13,افتح الدردشة مع مهاب,افتح الدردشة,مهاب,openChat
14,اغلق الدردشة,اغلق الدردشة,,closeChat
15,محادثة من مفتوحة الان,محادثة مفتوحة,,openedChat
16,اقرا رسائل اسعد,اقرا رسائل,اسعد,readMessages
1,اتصل على هاني,اتصل,هاني,call
17,ارسل رسالة نصية الى عبدالله علاء,رسالة نصية,عبدالله علاء,textMessage
18,ارسل رسالة صوتية الى طارق,رسالة صوتية,طارق,voiceMessage
19,قم بحظر محمد,حظر,محمد,block
20,قم بفك الحظر عن علاء,فك الحظر,علاء,unblock
21,اتصل على سامر,اتصل,سامر,call
3,افتح الدردشة مع صلاح,افتح الدردشة,صلاح,openChat
22,انهي الاتصال,انهي الاتصال,,endCall
23,افتح الشات مع وائل سلمان,افتح الشات,وائل سلمان,openChat
24,اغلق الشات,اغلق الشات,,closeChat
2,انهي المكالمة,انهي المكالمة,,endCall
25,هل توجد محادثة مفتوحة,محادثة مفتوحة,,openedChat
26,اقرا الرسائل,اقرا الرسائل,,readMessages
27,رسالة نصية الى طارق,رسالة نصية,طارق,textMessage
30,فك الحظر عن سيد,فك الحظر,سيد,unblock
31,اتصل,اتصل,,call
29,حظر,حظر,,block
28,ارسل رسالة صوتية,رسالة صوتية,,voiceMessage
32,اغلق المكالمة,اغلق المكالمة,,endCall
33,ابدأ الدردشة مع سلمان,ابدأ الدردشة,سلمان,openChat
34,اغلق المحادثة,اغلق المحادثة,,closeChat
35,ما هي المحادثة الحالية,المحادثة الحالية,,openedChat
36,اقرا رسائل بهاء سعيد,اقرا رسائل,بهاء سعيد,readMessages
37,ارسل رسالة نصية,رسالة نصية,,textMessage
40,فك الحظر,فك الحظر,,unblock
41,اتصال,اتصال,,call
39,حظر سامي,حظر,سامي,block
38,ارسل رسالة صوتية الى ايهاب علاء,رسالة صوتية,ايهاب علاء,voiceMessage
42,اغلق الاتصال,اغلق الاتصال,,endCall
43,انهي المكالمة,انهي المكالمة,,openChat
44,افتح الدردشة مع اسعد,افتح الدردشة,اسعد,openChat
45,افتح الشات مع اسعد بهاء,افتح الشات,اسعد بهاء,openChat
46,ابدأ الدردشة مع سلمان علي,ابدأ الدردشة,سلمان علي,openChat
48,انهي المكالمة,انهي المكالمة,,endCall
47,اتصل بياسر,اتصل,ياسر,call
49,اغلق الدردشة,اغلق الدردشة,,closeChat
50,محادثة من مفتوحة الان,محادثة مفتوحة,,openedChat
51,اقرا رسائل اسعد,اقرا رسائل,اسعد,readMessages
52,ارسل رسالة نصية الى بهاء سعيد,رسالة نصية,بهاء سعيد,textMessage
53,ارسل رسالة صوتية الى محمود,رسالة صوتية,محمود,voiceMessage
54,قم بحظر بهاء عبدالرحمن,حظر,بهاء عبدالرحمن,block
55,قم بفك الحظر عن بهاء,فك الحظر,بهاء,unblock
56,افتح الدردشة مع علاء سعيد,افتح الدردشة,علاء سعيد,openChat
57,اتصل بهادي,اتصل,هادي,call
58,انهي المكالمة,انهي المكالمة,,endCall
59,افتح الشات مع هاني سامر,افتح الشات,هاني سامر,openChat
60,اغلق الدردشة,اغلق الدردشة,,closeChat
61,هل توجد محادثة مفتوحة,محادثة مفتوحة,,openedChat
62,اقرا الرسائل,اقرا الرسائل,,readMessages
63,رسالة نصية الى عبدالعزيز,رسالة نصية,عبدالعزيز,textMessage
64,ارسل رسالة صوتية,رسالة صوتية,,voiceMessage
65,حظر,حظر,,block
66,فك الحظر عن زياد,فك الحظر,زياد,unblock
67,اتصل بهادي وائل,اتصل,هادي وائل,call
68,انهي المكالمة,انهي المكالمة,,endCall
69,افتح الدردشة مع زياد وليد,افتح الدردشة,زياد وليد,openChat
70,اغلق الدردشة,اغلق الدردشة,,closeChat
71,محادثة من مفتوحة الان,محادثة مفتوحة,,openedChat
72,اقرا رسائل ياسر,اقرا رسائل,ياسر,readMessages
73,ارسل رسالة نصية الى سامح,رسالة نصية,سامح,textMessage
74,ارسل رسالة صوتية الى عبدالرحمن,رسالة صوتية,عبدالرحمن,voiceMessage
75,قم بحظر هاني,حظر,هاني,block
76,قم بفك الحظر عن عبدالعزيز,فك الحظر,عبدالعزيز,unblock
77,اتصل على وليد,اتصل,وليد,call
78,انهي الاتصال,انهي الاتصال,,endCall
79,افتح الشات مع احمد,افتح الشات,احمد,openChat
80,اغلق الشات,اغلق الشات,,closeChat
81,هل توجد محادثة مفتوحة,محادثة مفتوحة,,openedChat
82,اقرا الرسائل,اقرا الرسائل,,readMessages
83,رسالة نصية الى سامح,رسالة نصية,سامح,textMessage
84,ارسل رسالة صوتية,رسالة صوتية,,voiceMessage
85,حظر,حظر,,block
86,فك الحظر عن اسعد علاء,فك الحظر,اسعد علاء,unblock
87,فك الحظر,فك الحظر,,unblock
88,اتصل,اتصل,,call
89,اغلق المكالمة,اغلق المكالمة,,endCall
90,ابدأ الدردشة مع سامي,ابدأ الدردشة,سامي,openChat
91,اغلق المحادثة,اغلق المحادثة,,closeChat
92,ما هي المحادثة الحالية,المحادثة الحالية,,openedChat
93,اقرا رسائل ايهاب عبدالله,اقرا رسائل,ايهاب عبدالله,readMessages
94,ارسل رسالة نصية,رسالة نصية,,textMessage
95,ارسل رسالة صوتية الى سليمان عبدالرحمن,رسالة صوتية,سليمان عبدالرحمن,voiceMessage
96,حظر زياد عبدالله,حظر,زياد عبدالله,block
97,قم بفك الحظر عن زياد هاني,فك الحظر,زياد هاني,unblock
98,اتصال,اتصال,,call
99,اغلق الاتصال,اغلق الاتصال,,endCall
100,مكالمة,مكالمة,,call
101,انهي الدردشة,انهي الدردشة,,closeChat
102,انهي الدردشة,انهي الدردشة,,closeChat
103,انهي المكالمة,انهي المكالمة,,endCall
104,محادثة من مفتوحة الان,محادثة مفتوحة,,openedChat
105,افتح المحادثة مع علي,افتح المحادثة,علي,openChat
106,اقرا الرسائل,اقرا الرسائل,,readMessages
107,انهي الشات,انهي الشات,,closeChat
108,ارسل رسالة نصية الى زياد عبدالعزيز,رسالة نصية,زياد عبدالعزيز,textMessage
109,هل توجد محادثة مفتوحة,محادثة مفتوحة,,openedChat
110,اقرا رسائل اسعد سامي,اقرا رسائل,اسعد سامي,readMessages
111,ارسل رسالة صوتية,رسالة صوتية,,voiceMessage
112,رسالة نصية الى ايهاب محمد,رسالة نصية,ايهاب محمد,textMessage
113,ارسل رسالة صوتية الى هاني ياسر,رسالة صوتية,هاني ياسر,voiceMessage
114,قم بحظر سامر,حظر,سامر,block
114,قم بحظر مهاب ياسر,حظر,مهاب ياسر,block
116,فك الحظر عن ايهاب محمد,فك الحظر,ايهاب محمد,unblock
117,فك الحظر عن وليد,فك الحظر,وليد,unblock
118,ابدا مكالمة مع مهاب,مكالمة,مهاب,call
119,انهي الاتصال,انهي الاتصال,,endCall
120,افتح محادثة ياسر,افتح محادثة,ياسر,openChat
121,انهي المحادثة,انهي المحادثة,,closeChat
122,ما هي المحادثة الحالية,المحادثة الحالية,,openedChat
123,اقرا الرسائل,اقرا الرسائل,,readMessages
124,ارسل رسالة نصية,رسالة نصية,,textMessage
125,ارسل رسالة صوتية,رسالة صوتية,,voiceMessage
126,حظر,حظر,,block
127,فك الحظر,فك الحظر,,unblock
128,اتصل بسيد احمد,اتصل,سيد احمد,call
129,اتصل على مهاب,اتصل,مهاب,call
130,انهي المكالمة,انهي المكالمة,,endCall
131,افتح الدردشة مع سليمان ياسر,افتح الدردشة,سليمان ياسر,openChat
132,اغلق الدردشة,اغلق الدردشة,,closeChat
133,محادثة من مفتوحة الان,محادثة مفتوحة,,openedChat
134,اقرا رسائل محمود,اقرا رسائل,محمود,readMessages
135,ارسل رسالة نصية الى عبدالرحمن صلاح,رسالة نصية,عبدالرحمن صلاح,textMessage
136,ارسل رسالة صوتية الى صلاح,رسالة صوتية,صلاح,voiceMessage
137,قم بحظر زياد سعيد,حظر,زياد سعيد,block
138,قم بفك الحظر عن احمد,فك الحظر,احمد,unblock
139,قم بفك الحظر عن احمد,فك الحظر,احمد,unblock
140,قم بفك الحظر عن احمد,فك الحظر,احمد,unblock
141,اتصل,اتصل,,call
142,اتصال,اتصال,,call
143,انهي الاتصال,انهي الاتصال,,endCall
144,افتح الشات مع مهاب,افتح الشات,مهاب,openChat
145,اغلق الشات,اغلق الشات,,closeChat
146,هل توجد محادثة مفتوحة,محادثة مفتوحة,,openedChat
147,اقرا الرسائل,اقرا الرسائل,,readMessages
148,رسالة نصية الى عبدالرحمن,رسالة نصية,عبدالرحمن,textMessage
149,ارسل رسالة صوتية,رسالة صوتية,,voiceMessage
150,حظر,حظر,,block
151,فك الحظر عن هاني عبدالله,فك الحظر,هاني عبدالله,unblock
152,مكالمة,مكالمة,,call
153,اغلق المكالمة,اغلق المكالمة,,endCall
154,ابدأ الدردشة مع سعيد,ابدأ الدردشة,سعيد,openChat
155,اغلق المحادثة,اغلق المحادثة,,closeChat
156,ابدا مكالمة مع بهاء,مكالمة,بهاء,call
157,اغلق الاتصال,اغلق الاتصال,,endCall
158,افتح المحادثة مع سامر,افتح المحادثة,سامر,openChat
159,انهي الدردشة,انهي الدردشة,,closeChat
160,ما هي المحادثة الحالية,المحادثة الحالية,,openedChat
161,اقرا رسائل سعيد,اقرا رسائل,سعيد,readMessages
162,ارسل رسالة نصية,رسالة نصية,,textMessage
163,ارسل رسالة صوتية الى زياد,رسالة صوتية,زياد,voiceMessage
164,حظر احمد,حظر,احمد,block
165,فك الحظر,فك الحظر,,unblock
166,اتصل بايهاب سامي,اتصل,ايهاب سامي,call
167,افتح محادثة محمود,افتح محادثة,محمود,openChat
168,انهي الشات,انهي الشات,,closeChat
169,محادثة من مفتوحة الان,محادثة مفتوحة,,openedChat
170,اقرا الرسائل,اقرا الرسائل,,readMessages
171,ارسل رسالة نصية الى صلاح,رسالة نصية,صلاح,textMessage
172,ارسل رسالة صوتية,رسالة صوتية,,voiceMessage
173,قم بحظر اسعد,حظر,اسعد,block
174,قم بفك الحظر عن محمد,فك الحظر,محمد,unblock
175,قم بفك الحظر عن محمد,فك الحظر,محمد,unblock
176,فك الحظر عن احمد عبدالرحمن,فك الحظر,احمد عبدالرحمن,unblock
177,اتصل بسعيد,اتصل,سعيد,call
178,اتصل على بهاء,اتصل,بهاء,call
179,اقرا رسائل محمود طارق,اقرا رسائل,محمود طارق,readMessages
179,اتصل بعبدالعزيز سليمان,اتصل,عبدالعزيز سليمان,call
181,اتصل بمحمد بهاء,اتصل,محمد بهاء,call
182,انهي المكالمة,انهي المكالمة,,endCall
183,افتح الدردشة مع سعيد,افتح الدردشة,سعيد,openChat
184,اغلق الدردشة,اغلق الدردشة,,closeChat
185,اتصل على علي,اتصل,علي,call
185,محادثة من مفتوحة الان,محادثة مفتوحة,,openedChat
188,ارسل رسالة نصية الى سليمان علاء,رسالة نصية,سليمان علاء,textMessage
187,اقرا رسائل علي,اقرا رسائل,علي,readMessages
189,ارسل رسالة صوتية الى عبدالله اسعد,رسالة صوتية,عبدالله اسعد,voiceMessage
190,قم بحظر زياد,حظر,زياد,block
191,قم بفك الحظر عن سلمان,فك الحظر,سلمان,unblock
192,اتصل,اتصل,,call
193,اتصل على علي,اتصل,علي,call
194,انهي الاتصال,انهي الاتصال,,endCall
195,افتح الشات مع صلاح,افتح الشات,صلاح,openChat
196,اتصل بسلمان هاني,اتصل,سلمان هاني,call
197,اتصل بسامي بهاء,اتصل,سامي بهاء,call
198,انهي المكالمة,انهي المكالمة,,endCall
199,انهي المكالمة,انهي المكالمة,,endCall
200,اتصل بعلي,اتصل,علي,call
201,محادثة من مفتوحة الان,محادثة مفتوحة,,openedChat
202,افتح الدردشة مع سامي,افتح الدردشة,سامي,openChat
203,اقرا رسائل سلمان,اقرا رسائل,سلمان,readMessages
204,افتح الدردشة مع سامي,افتح الدردشة,سامي,openChat
205,اتصل على محمد,اتصل,محمد,call
206,ارسل رسالة نصية الى احمد اسعد,رسالة نصية,احمد اسعد,textMessage
207,ارسل رسالة صوتية الى ياسر هادي,رسالة صوتية,ياسر هادي,voiceMessage
208,قم بحظر مهاب ايهاب,حظر,مهاب ايهاب,block
209,قم بفك الحظر عن محمود بهاء,فك الحظر,محمود بهاء,unblock
210,اتصل,اتصل,,call
211,اتصال,اتصال,,call
212,مكالمة,مكالمة,,call
213,ابدا مكالمة مع ياسر سامي,مكالمة,ياسر سامي,call
214,اتصل بهاني عبدالرحمن,اتصل,هاني عبدالرحمن,call
215,اتصل على هاني وائل,اتصل,هاني وائل,call
216,اتصل,اتصل,,call
217,انهي الاتصال,انهي الاتصال,,endCall
218,اتصال,اتصال,,call
219,مكالمة,مكالمة,,call
220,اغلق المكالمة,اغلق المكالمة,,endCall
221,ابدا مكالمة مع سلمان,مكالمة,سلمان,call
222,اتصل بياسر,اتصل,ياسر,call
223,اتصل بياسر,اتصل,ياسر,call
224,اتصل ببهاء,اتصل,بهاء,call
226,اتصل بسلمان سليمان,اتصل,سلمان سليمان,call
225,اتصل بمهاب زياد,اتصل,مهاب زياد,call
227,اتصل بسامي,اتصل,سامي,call
228,قم بفك الحظر عن علاء,فك الحظر,علاء,unblock
229,قم بحظر سليمان,حظر,سليمان,block
230,ارسل رسالة صوتية الى اسعد,رسالة صوتية,اسعد,voiceMessage
231,ارسل رسالة نصية الى سامح سليمان,رسالة نصية,سامح سليمان,textMessage
232,اقرا رسائل ايهاب,اقرا رسائل,ايهاب,readMessages
233,محادثة من مفتوحة الان,محادثة مفتوحة,,openedChat
236,انهي المكالمة,انهي المكالمة,,endCall
234,اغلق الدردشة,اغلق الدردشة,,closeChat
235,افتح الدردشة مع سعيد اسعد,افتح الدردشة,سعيد اسعد,openChat
237,اتصل على عبدالعزيز سامي,اتصل,عبدالعزيز سامي,call
238,اتصل,اتصل,,call
239,اتصال,اتصال,,call
240,اغلق الشات,اغلق الشات,,closeChat
241,مكالمة,مكالمة,,call
242,ابدا مكالمة مع سامر,مكالمة,سامر,call
243,انهي الاتصال,انهي الاتصال,,endCall
244,اتصل بسامي,اتصل,سامي,call
245,اغلق المكالمة,اغلق المكالمة,,endCall
246,اتصل على احمد,اتصل,احمد,call
247,اتصل,اتصل,,call
248,اتصال,اتصال,,call
249,مكالمة,مكالمة,,call
250,اتصل بياسر وائل,اتصل,ياسر وائل,call
251,اتصل على سامي,اتصل,سامي,call
252,اتصل,اتصل,,call
253,اتصال,اتصال,,call
254,انهي المكالمة,انهي المكالمة,,endCall
255,افتح الدردشة مع ايهاب,افتح الدردشة,ايهاب,openChat
256,اغلق الدردشة,اغلق الدردشة,,closeChat
257,محادثة من مفتوحة الان,محادثة مفتوحة,,openedChat
258,اقرا رسائل ايهاب,اقرا رسائل,ايهاب,readMessages
259,ارسل رسالة نصية الى عبدالله,رسالة نصية,عبدالله,textMessage
260,ارسل رسالة صوتية الى بهاء,رسالة صوتية,بهاء,voiceMessage
261,قم بحظر عبدالعزيز علاء,حظر,عبدالعزيز علاء,block
262,قم بفك الحظر عن محمد سيد,فك الحظر,محمد سيد,unblock
263,مكالمة,مكالمة,,call
264,انهي الاتصال,انهي الاتصال,,endCall
265,افتح الشات مع بهاء اسعد,افتح الشات,بهاء اسعد,openChat
266,اتصال,اتصال,,call
267,ابدأ الدردشة مع محمد اسعد,ابدأ الدردشة,محمد اسعد,openChat
268,اغلق الشات,اغلق الشات,,closeChat
269,هل توجد محادثة مفتوحة,محادثة مفتوحة,,openedChat
270,اقرا الرسائل,اقرا الرسائل,,readMessages
271,رسالة نصية الى وائل سامي,رسالة نصية,وائل سامي,textMessage
272,ارسل رسالة صوتية,رسالة صوتية,,voiceMessage
273,حظر,حظر,,block
274,فك الحظر عن سعيد عبدالرحمن,فك الحظر,سعيد عبدالرحمن,unblock
275,ابدا مكالمة مع سيد صلاح,مكالمة,سيد صلاح,call
276,ابدا مكالمة مع سيد صلاح,مكالمة,سيد صلاح,call
277,اتصل بمحمد محمد,اتصل,محمد محمد,call
278,انهي المكالمة,انهي المكالمة,,endCall
279,افتح الدردشة مع عبدالرحمن,افتح الدردشة,عبدالرحمن,openChat
280,اغلق الدردشة,اغلق الدردشة,,closeChat
281,محادثة من مفتوحة الان,محادثة مفتوحة,,openedChat
282,اقرا رسائل عبدالرحمن محمد,اقرا رسائل,عبدالرحمن محمد,readMessages
283,ارسل رسالة نصية الى هادي علاء,رسالة نصية,هادي علاء,textMessage
284,ارسل رسالة صوتية الى اسعد ايهاب,رسالة صوتية,اسعد ايهاب,voiceMessage
285,قم بحظر سليمان,حظر,سليمان,block
286,قم بفك الحظر عن ايهاب زياد,فك الحظر,ايهاب زياد,unblock
287,اتصل على سامح مهاب,اتصل,سامح مهاب,call
288,انهي الاتصال,انهي الاتصال,,endCall
289,افتح الشات مع سامح,افتح الشات,سامح,openChat
290,اغلق الشات,اغلق الشات,,closeChat
291,هل توجد محادثة مفتوحة,محادثة مفتوحة,,openedChat
292,اتصل,اتصل,,call
293,اتصل,اتصل,,call
294,اغلق المكالمة,اغلق المكالمة,,endCall
295,ابدأ الدردشة مع سليمان,ابدأ الدردشة,سليمان,openChat
296,اقرا الرسائل,اقرا الرسائل,,readMessages
297,رسالة نصية الى محمود,رسالة نصية,محمود,textMessage
298,ارسل رسالة صوتية,رسالة صوتية,,voiceMessage
299,حظر,حظر,,block
300,فك الحظر عن هاني سلمان,فك الحظر,هاني سلمان,unblock
301,افتح المحادثة مع عبدالله مهاب,افتح المحادثة,عبدالله مهاب,openChat
302,اغلق المحادثة,اغلق المحادثة,,closeChat
303,ما هي المحادثة الحالية,المحادثة الحالية,,openedChat
304,اقرا رسائل زياد احمد,اقرا رسائل,زياد احمد,readMessages
305,ارسل رسالة نصية,رسالة نصية,,textMessage
306,ارسل رسالة صوتية الى سليمان علي,رسالة صوتية,سليمان علي,voiceMessage
307,حظر احمد وليد,حظر,احمد وليد,block
308,فك الحظر,فك الحظر,,unblock
309,اتصال,اتصال,,call
310,اغلق الاتصال,اغلق الاتصال,,endCall
311,افتح محادثة سامح,افتح محادثة,سامح,openChat
312,انهي الدردشة,انهي الدردشة,,closeChat
313,محادثة من مفتوحة الان,محادثة مفتوحة,,openedChat
314,اقرا الرسائل,اقرا الرسائل,,readMessages
315,مكالمة,مكالمة,,call
316,ارسل رسالة نصية الى هاني سعيد,رسالة نصية,هاني سعيد,textMessage
317,ارسل رسالة صوتية,رسالة صوتية,,voiceMessage
318,انهي المكالمة,انهي المكالمة,,endCall
319,قم بحظر عبدالعزيز,حظر,عبدالعزيز,block
320,قم بفك الحظر عن سامي,فك الحظر,سامي,unblock
321,افتح شات مهاب,افتح شات,مهاب,openChat
322,انهي الشات,انهي الشات,,closeChat
323,هل توجد محادثة مفتوحة,محادثة مفتوحة,,openedChat
324,ابدا مكالمة مع علاء عبدالرحمن,مكالمة,علاء عبدالرحمن,call
325,انهي الاتصال,انهي الاتصال,,endCall
326,افتح الدردشة مع سعيد,افتح الدردشة,سعيد,openChat
327,انهي المحادثة,انهي المحادثة,,closeChat
328,ما هي المحادثة الحالية,المحادثة الحالية,,openedChat
329,اقرا رسائل احمد علاء,اقرا رسائل,احمد علاء,readMessages
330,رسالة نصية الى عبدالعزيز وائل,رسالة نصية,عبدالعزيز وائل,textMessage
331,ارسل رسالة صوتية الى زياد,رسالة صوتية,زياد,voiceMessage
332,حظر,حظر,,block
333,فك الحظر عن سليمان سعيد,فك الحظر,سليمان سعيد,unblock
334,اغلق المكالمة,اغلق المكالمة,,endCall
335,اتصل بوائل صلاح,اتصل,وائل صلاح,call
336,اغلق الاتصال,اغلق الاتصال,,endCall
337,افتح الشات مع وائل,افتح الشات,وائل,openChat
338,اغلق الدردشة,اغلق الدردشة,,closeChat
339,محادثة من مفتوحة الان,محادثة مفتوحة,,openedChat
340,اقرا الرسائل,اقرا الرسائل,,readMessages
341,ارسل رسالة نصية,رسالة نصية,,textMessage
342,ارسل رسالة صوتية,رسالة صوتية,,voiceMessage
343,حظر علاء سامح,حظر,علاء سامح,block
344,فك الحظر,فك الحظر,,unblock
345,اتصل على عبدالله عبدالعزيز,اتصل,عبدالله عبدالعزيز,call
346,انهي المكالمة,انهي المكالمة,,endCall
347,انهي المكالمة,انهي المكالمة,,endCall
348,انهي المكالمة,انهي المكالمة,,endCall
349,ابدأ الدردشة مع وائل سامح,ابدأ الدردشة,وائل سامح,openChat
350,اغلق الشات,اغلق الشات,,closeChat
351,هل توجد محادثة مفتوحة,محادثة مفتوحة,,openedChat
352,اقرا رسائل علي علي,اقرا رسائل,علي علي,readMessages
353,ارسل رسالة نصية الى سلمان,رسالة نصية,سلمان,textMessage
354,ارسل رسالة صوتية الى عبدالرحمن,رسالة صوتية,عبدالرحمن,voiceMessage
355,قم بحظر سيد اسعد,حظر,سيد اسعد,block
356,قم بفك الحظر عن احمد,فك الحظر,احمد,unblock
357,اتصل,اتصل,,call
358,انهي الاتصال,انهي الاتصال,,endCall
359,افتح المحادثة مع هاني علاء,افتح المحادثة,هاني علاء,openChat
360,اغلق المحادثة,اغلق المحادثة,,closeChat
361,ما هي المحادثة الحالية,المحادثة الحالية,,openedChat
362,اتصال,اتصال,,call
363,اغلق المكالمة,اغلق المكالمة,,endCall
364,افتح محادثة ايهاب,افتح محادثة,ايهاب,openChat
365,انهي الدردشة,انهي الدردشة,,closeChat
366,محادثة من مفتوحة الان,محادثة مفتوحة,,openedChat
367,هل توجد محادثة مفتوحة,محادثة مفتوحة,,openedChat
368,اقرا الرسائل,اقرا الرسائل,,readMessages
369,رسالة نصية الى سامر سليمان,رسالة نصية,سامر سليمان,textMessage
370,ارسل رسالة صوتية,رسالة صوتية,,voiceMessage
371,حظر,حظر,,block
372,فك الحظر عن هاني عبدالعزيز,فك الحظر,هاني عبدالعزيز,unblock
373,مكالمة,مكالمة,,call
374,اغلق الاتصال,اغلق الاتصال,,endCall
375,افتح شات وائل,افتح شات,وائل,openChat
376,انهي الشات,انهي الشات,,closeChat
377,ما هي المحادثة الحالية,المحادثة الحالية,,openedChat
378,اقرا رسائل طارق,اقرا رسائل,طارق,readMessages
379,ارسل رسالة نصية,رسالة نصية,,textMessage
380,ارسل رسالة صوتية الى سيد,رسالة صوتية,سيد,voiceMessage
381,حظر سامح,حظر,سامح,block
382,فك الحظر,فك الحظر,,unblock
383,ابدا مكالمة مع عبدالعزيز عبدالعزيز,مكالمة,عبدالعزيز عبدالعزيز,call
384,اتصل بعبدالرحمن,اتصل,عبدالرحمن,call
385,انهي المكالمة,انهي المكالمة,,endCall
386,افتح الدردشة مع سامي,افتح الدردشة,سامي,openChat
387,محادثة من مفتوحة الان,محادثة مفتوحة,,openedChat
388,هل توجد محادثة مفتوحة,محادثة مفتوحة,,openedChat
389,اقرا الرسائل,اقرا الرسائل,,readMessages
390,ارسل رسالة نصية الى هاني هاني,رسالة نصية,هاني هاني,textMessage
391,ارسل رسالة صوتية,رسالة صوتية,,voiceMessage
392,قم بحظر ايهاب عبدالرحمن,حظر,ايهاب عبدالرحمن,block
393,قم بفك الحظر عن علي,فك الحظر,علي,unblock
394,اتصل على سلمان,اتصل,سلمان,call
395,انهي الاتصال,انهي الاتصال,,endCall
396,افتح الشات مع سليمان سعيد,افتح الشات,سليمان سعيد,openChat
397,انهي المحادثة,انهي المحادثة,,closeChat
398,ما هي المحادثة الحالية,المحادثة الحالية,,openedChat
399,اغلق الدردشة,اغلق الدردشة,,closeChat
400,اتصل,اتصل,,call
401,اتصل,اتصل,,call
402,اتصل,اتصل,,call
403,اتصال,اتصال,,call
404,اتصال,اتصال,,call
405,اتصال,اتصال,,call
406,اغلق المكالمة,اغلق المكالمة,,endCall
407,ابدأ الدردشة مع هاني سلمان,ابدأ الدردشة,هاني سلمان,openChat
408,اغلق الشات,اغلق الشات,,closeChat
409,رسالة نصية الى احمد سلمان,رسالة نصية,احمد سلمان,textMessage
410,ارسل رسالة صوتية الى اسعد عبدالله,رسالة صوتية,اسعد عبدالله,voiceMessage
411,حظر,حظر,,block
412,فك الحظر عن احمد هادي,فك الحظر,احمد هادي,unblock
413,فك الحظر عن احمد هادي,فك الحظر,احمد هادي,unblock
414,مكالمة,مكالمة,,call
415,ابدا مكالمة مع ايهاب,مكالمة,ايهاب,call
416,اغلق الاتصال,اغلق الاتصال,,endCall
417,افتح المحادثة مع زياد عبدالعزيز,افتح المحادثة,زياد عبدالعزيز,openChat
418,اغلق المحادثة,اغلق المحادثة,,closeChat
419,محادثة من مفتوحة الان,محادثة مفتوحة,,openedChat
420,اقرا رسائل صلاح سامر,اقرا رسائل,صلاح سامر,readMessages
421,ارسل رسالة نصية,رسالة نصية,,textMessage
422,ارسل رسالة صوتية,رسالة صوتية,,voiceMessage
423,حظر محمد طارق,حظر,محمد طارق,block
424,فك الحظر,فك الحظر,,unblock
425,اتصل بسلمان ياسر,اتصل,سلمان ياسر,call
426,انهي المكالمة,انهي المكالمة,,endCall
427,افتح محادثة وائل,افتح محادثة,وائل,openChat
428,انهي الدردشة,انهي الدردشة,,closeChat
429,هل توجد محادثة مفتوحة,محادثة مفتوحة,,openedChat
430,اقرا الرسائل,اقرا الرسائل,,readMessages
431,ارسل رسالة نصية الى وائل,رسالة نصية,وائل,textMessage
432,ارسل رسالة صوتية الى اسعد,رسالة صوتية,اسعد,voiceMessage
433,قم بحظر مهاب,حظر,مهاب,block
434,قم بفك الحظر عن سعيد محمود,فك الحظر,سعيد محمود,unblock
435,اتصل على ايهاب,اتصل,ايهاب,call
436,اتصل,اتصل,,call
437,انهي الاتصال,انهي الاتصال,,endCall
438,فك الحظر عن علاء بهاء,فك الحظر,علاء بهاء,unblock
439,ما هي المحادثة الحالية,المحادثة الحالية,,openedChat
440,محادثة من مفتوحة الان,محادثة مفتوحة,,openedChat
441,اقرا رسائل عبدالعزيز سامر,اقرا رسائل,عبدالعزيز سامر,readMessages
442,فك الحظر,فك الحظر,,unblock
443,اقرا الرسائل,اقرا الرسائل,,readMessages
444,رسالة نصية الى وائل وائل,رسالة نصية,وائل وائل,textMessage
445,ارسل رسالة صوتية,رسالة صوتية,,voiceMessage
446,حظر,حظر,,block
447,قم بفك الحظر عن هادي,فك الحظر,هادي,unblock
448,اتصال,اتصال,,call
449,اغلق المكالمة,اغلق المكالمة,,endCall
450,افتح شات صلاح,افتح شات,صلاح,openChat
451,انهي الشات,انهي الشات,,closeChat
452,هل توجد محادثة مفتوحة,محادثة مفتوحة,,openedChat
453,اقرا رسائل سامي وليد,اقرا رسائل,سامي وليد,readMessages
454,ارسل رسالة نصية,رسالة نصية,,textMessage
455,ارسل رسالة صوتية الى محمد اسعد,رسالة صوتية,محمد اسعد,voiceMessage
456,حظر ايهاب,حظر,ايهاب,block
457,فك الحظر عن علي,فك الحظر,علي,unblock
458,مكالمة,مكالمة,,call
459,ابدا مكالمة مع هاني,مكالمة,هاني,call
460,اغلق الاتصال,اغلق الاتصال,,endCall
461,افتح الدردشة مع زياد,افتح الدردشة,زياد,openChat
462,انهي المحادثة,انهي المحادثة,,closeChat
463,اقرا الرسائل,اقرا الرسائل,,readMessages
464,ارسل رسالة نصية الى علاء ايهاب,رسالة نصية,علاء ايهاب,textMessage
465,ارسل رسالة صوتية,رسالة صوتية,,voiceMessage
466,قم بحظر سامر عبدالرحمن,حظر,سامر عبدالرحمن,block
467,فك الحظر,فك الحظر,,unblock
468,اتصل بوائل,اتصل,وائل,call
469,اتصل على وائل,اتصل,وائل,call
470,انهي المكالمة,انهي المكالمة,,endCall
471,افتح الشات مع سعيد سامر,افتح الشات,سعيد سامر,openChat
472,اغلق الدردشة,اغلق الدردشة,,closeChat
473,ما هي المحادثة الحالية,المحادثة الحالية,,openedChat
474,اقرا رسائل هادي,اقرا رسائل,هادي,readMessages
475,اتصل,اتصل,,call
476,انهي الاتصال,انهي الاتصال,,endCall
477,رسالة نصية الى اسعد,رسالة نصية,اسعد,textMessage
478,ابدأ الدردشة مع سامي مهاب,ابدأ الدردشة,سامي مهاب,openChat
479,اغلق الشات,اغلق الشات,,closeChat
480,ارسل رسالة صوتية الى صلاح,رسالة صوتية,صلاح,voiceMessage
483,اقرا الرسائل,اقرا الرسائل,,readMessages
481,حظر,حظر,,block
482,قم بفك الحظر عن ياسر,فك الحظر,ياسر,unblock
484,ارسل رسالة نصية,رسالة نصية,,textMessage
485,ارسل رسالة صوتية,رسالة صوتية,,voiceMessage
486,حظر عبدالرحمن,حظر,عبدالرحمن,block
487,فك الحظر عن سامح,فك الحظر,سامح,unblock
488,اتصال,اتصال,,call
489,مكالمة,مكالمة,,call
490,اغلق المكالمة,اغلق المكالمة,,endCall
491,افتح المحادثة مع علي اسعد,افتح المحادثة,علي اسعد,openChat
492,اغلق المحادثة,اغلق المحادثة,,closeChat
493,اقرا رسائل ياسر سلمان,اقرا رسائل,ياسر سلمان,readMessages
494,اقرا رسائل ياسر سلمان,اقرا رسائل,ياسر سلمان,readMessages
495,ارسل رسالة نصية الى طارق وليد,رسالة نصية,طارق وليد,textMessage
496,ارسل رسالة صوتية الى سيد وليد,رسالة صوتية,سيد وليد,voiceMessage
497,قم بحظر سلمان,حظر,سلمان,block
498,فك الحظر,فك الحظر,,unblock
499,اقرا الرسائل,اقرا الرسائل,,readMessages
500,اغلق الاتصال,اغلق الاتصال,,endCall
501,ابدا مكالمة مع سامح,مكالمة,سامح,call
502,انهي المكالمة,انهي المكالمة,,endCall
503,افتح محادثة احمد سليمان,افتح محادثة,احمد سليمان,openChat
504,انهي الدردشة,انهي الدردشة,,closeChat
505,محادثة من مفتوحة الان,محادثة مفتوحة,,openedChat
506,اقرا رسائل سامي,اقرا رسائل,سامي,readMessages
507,رسالة نصية الى سامي علاء,رسالة نصية,سامي علاء,textMessage
508,ارسل رسالة صوتية,رسالة صوتية,,voiceMessage
509,حظر,حظر,,block
510,قم بفك الحظر عن عبدالله,فك الحظر,عبدالله,unblock
511,اتصل بياسر,اتصل,ياسر,call
512,اتصل على سيد,اتصل,سيد,call
513,افتح شات سامي وليد,افتح شات,سامي وليد,openChat
514,افتح الدردشة مع صلاح هاني,افتح الدردشة,صلاح هاني,openChat
515,انهي الشات,انهي الشات,,closeChat
516,هل توجد محادثة مفتوحة,محادثة مفتوحة,,openedChat
517,اقرا الرسائل,اقرا الرسائل,,readMessages
518,ارسل رسالة نصية,رسالة نصية,,textMessage
519,ارسل رسالة صوتية الى زياد بهاء,رسالة صوتية,زياد بهاء,voiceMessage
520,حظر سامي وائل,حظر,سامي وائل,block
521,فك الحظر عن عبدالرحمن,فك الحظر,عبدالرحمن,unblock
522,اتصل,اتصل,,call
523,فك الحظر,فك الحظر,,unblock
524,انهي الاتصال,انهي الاتصال,,endCall
525,اتصال,اتصال,,call
526,انهي المحادثة,انهي المحادثة,,closeChat
527,اغلق المكالمة,اغلق المكالمة,,endCall
528,انهي المحادثة,انهي المحادثة,,closeChat
529,ما هي المحادثة الحالية,المحادثة الحالية,,openedChat
530,قم بفك الحظر عن بهاء,فك الحظر,بهاء,unblock
531,افتح الشات مع احمد,افتح الشات,احمد,openChat
532,مكالمة,مكالمة,,call
533,اغلق الدردشة,اغلق الدردشة,,closeChat
534,اغلق الاتصال,اغلق الاتصال,,endCall
535,محادثة من مفتوحة الان,محادثة مفتوحة,,openedChat
536,ابدأ الدردشة مع ايهاب,ابدأ الدردشة,ايهاب,openChat
537,اغلق الشات,اغلق الشات,,closeChat
537,اقرا رسائل محمد سعيد,اقرا رسائل,محمد سعيد,readMessages
539,افتح المحادثة مع طارق,افتح المحادثة,طارق,openChat
539,اقرا الرسائل,اقرا الرسائل,,readMessages
541,ارسل رسالة نصية الى مهاب,رسالة نصية,مهاب,textMessage
542,ابدا مكالمة مع وليد ياسر,مكالمة,وليد ياسر,call
543,هل توجد محادثة مفتوحة,محادثة مفتوحة,,openedChat
544,ابدا مكالمة مع مهاب ايهاب,مكالمة,مهاب ايهاب,call
545,ارسل رسالة صوتية,رسالة صوتية,,voiceMessage
546,ارسل رسالة نصية الى صلاح,رسالة نصية,صلاح,textMessage
546,اقرا رسائل عبدالله طارق,اقرا رسائل,عبدالله طارق,readMessages
548,قم بحظر هادي سامح,حظر,هادي سامح,block
549,فك الحظر عن بهاء,فك الحظر,بهاء,unblock
550,ارسل رسالة صوتية الى عبدالرحمن عبدالعزيز,رسالة صوتية,عبدالرحمن عبدالعزيز,voiceMessage
551,حظر,حظر,,block
552,انهي المكالمة,انهي المكالمة,,endCall
553,فك الحظر,فك الحظر,,unblock
554,اتصل بايهاب هادي,اتصل,ايهاب هادي,call
555,اتصل بوليد اسعد,اتصل,وليد اسعد,call
556,ارسل رسالة صوتية,رسالة صوتية,,voiceMessage
557,اتصل بايهاب هادي,اتصل,ايهاب هادي,call
558,انهي الاتصال,انهي الاتصال,,endCall
558,اتصل على طارق,اتصل,طارق,call
560,اغلق المكالمة,اغلق المكالمة,,endCall
560,افتح محادثة وليد,افتح محادثة,وليد,openChat
562,اغلق المكالمة,اغلق المكالمة,,endCall
563,اغلق المحادثة,اغلق المحادثة,,closeChat
564,افتح محادثة هادي,افتح محادثة,هادي,openChat
565,افتح شات هاني,افتح شات,هاني,openChat
566,انهي الدردشة,انهي الدردشة,,closeChat
567,ما هي المحادثة الحالية,المحادثة الحالية,,openedChat
568,اتصل على سامح اسعد,اتصل,سامح اسعد,call
569,اتصل,اتصل,,call
570,اقرا الرسائل,اقرا الرسائل,,readMessages
571,اقرا الرسائل,اقرا الرسائل,,readMessages
572,اقرا الرسائل,اقرا الرسائل,,readMessages
573,رسالة نصية الى هادي محمد,رسالة نصية,هادي محمد,textMessage
574,رسالة نصية الى اسعد,رسالة نصية,اسعد,textMessage
575,اغلق الاتصال,اغلق الاتصال,,endCall
576,حظر اسعد احمد,حظر,اسعد احمد,block
577,ارسل رسالة صوتية الى سامي احمد,رسالة صوتية,سامي احمد,voiceMessage
578,قم بحظر اسعد,حظر,اسعد,block
579,قم بفك الحظر عن سامح سامر,فك الحظر,سامح سامر,unblock
580,اتصال,اتصال,,call
581,ارسل رسالة صوتية,رسالة صوتية,,voiceMessage
582,اتصال,اتصال,,call
583,مكالمة,مكالمة,,call
584,مكالمة,مكالمة,,call
585,انهي المكالمة,انهي المكالمة,,endCall
586,افتح الدردشة مع سامي,افتح الدردشة,سامي,openChat
587,انهي الشات,انهي الشات,,closeChat
588,محادثة من مفتوحة الان,محادثة مفتوحة,,openedChat
589,اقرا رسائل صلاح صلاح,اقرا رسائل,صلاح صلاح,readMessages
590,ارسل رسالة نصية,رسالة نصية,,textMessage
591,ارسل رسالة صوتية الى سامي,رسالة صوتية,سامي,voiceMessage
592,حظر,حظر,,block
593,فك الحظر عن سامر عبدالرحمن,فك الحظر,سامر عبدالرحمن,unblock
594,فك الحظر,فك الحظر,,unblock
595,حظر سامح,حظر,سامح,block
596,قم بفك الحظر عن عبدالله,فك الحظر,عبدالله,unblock
597,افتح الشات مع مهاب سيد,افتح الشات,مهاب سيد,openChat
598,ابدا مكالمة مع زياد هادي,مكالمة,زياد هادي,call
599,ابدا مكالمة مع هادي طارق,مكالمة,هادي طارق,call
600,ابدا مكالمة مع هادي طارق,مكالمة,هادي طارق,call
601,انهي الاتصال,انهي الاتصال,,endCall
602,انهي الاتصال,انهي الاتصال,,endCall
603,ابدأ الدردشة مع سامر سامي,ابدأ الدردشة,سامر سامي,openChat
604,ابدأ الدردشة مع سامر سامي,ابدأ الدردشة,سامر سامي,openChat
605,هل توجد محادثة مفتوحة,محادثة مفتوحة,,openedChat
606,ارسل رسالة نصية الى علاء سامي,رسالة نصية,علاء سامي,textMessage
607,ارسل رسالة صوتية,رسالة صوتية,,voiceMessage
608,قم بحظر سعيد,حظر,سعيد,block
609,قم بحظر سعيد,حظر,سعيد,block
610,فك الحظر عن سيد طارق,فك الحظر,سيد طارق,unblock
611,فك الحظر عن سيد طارق,فك الحظر,سيد طارق,unblock
612,فك الحظر عن سيد طارق,فك الحظر,سيد طارق,unblock
613,فك الحظر عن سيد طارق,فك الحظر,سيد طارق,unblock
614,اتصل بصلاح,اتصل,صلاح,call
615,اتصل بصلاح,اتصل,صلاح,call
616,اغلق المكالمة,اغلق المكالمة,,endCall
617,اتصل على محمد,اتصل,محمد,call
618,اغلق الاتصال,اغلق الاتصال,,endCall
619,افتح المحادثة مع هادي,افتح المحادثة,هادي,openChat
620,افتح المحادثة مع عبدالله عبدالله,افتح المحادثة,عبدالله عبدالله,openChat
621,اتصل,اتصل,,call
622,انهي المحادثة,انهي المحادثة,,closeChat
623,اتصال,اتصال,,call
624,انهي المكالمة,انهي المكالمة,,endCall
625,ما هي المحادثة الحالية,المحادثة الحالية,,openedChat
626,افتح محادثة ايهاب سليمان,افتح محادثة,ايهاب سليمان,openChat
627,اغلق الدردشة,اغلق الدردشة,,closeChat
628,محادثة من مفتوحة الان,محادثة مفتوحة,,openedChat
629,اقرا الرسائل,اقرا الرسائل,,readMessages
630,رسالة نصية الى مهاب,رسالة نصية,مهاب,textMessage
631,ارسل رسالة صوتية الى علاء,رسالة صوتية,علاء,voiceMessage
632,حظر,حظر,,block
633,فك الحظر,فك الحظر,,unblock
634,فك الحظر,فك الحظر,,unblock
635,مكالمة,مكالمة,,call
636,انهي الاتصال,انهي الاتصال,,endCall
637,ابدا مكالمة مع سليمان,مكالمة,سليمان,call
638,اغلق المكالمة,اغلق المكالمة,,endCall
639,افتح شات سلمان طارق,افتح شات,سلمان طارق,openChat
640,اتصل بسعيد,اتصل,سعيد,call
641,قم بفك الحظر عن محمود,فك الحظر,محمود,unblock
642,اتصل على بهاء وائل,اتصل,بهاء وائل,call
643,اتصل,اتصل,,call
644,اغلق الاتصال,اغلق الاتصال,,endCall
645,افتح الدردشة مع وائل,افتح الدردشة,وائل,openChat
646,اغلق الشات,اغلق الشات,,closeChat
647,هل توجد محادثة مفتوحة,محادثة مفتوحة,,openedChat
648,اقرا رسائل احمد,اقرا رسائل,احمد,readMessages
649,ارسل رسالة نصية,رسالة نصية,,textMessage
650,ارسل رسالة صوتية,رسالة صوتية,,voiceMessage
651,حظر مهاب محمود,حظر,مهاب محمود,block
652,فك الحظر عن سامي سامي,فك الحظر,سامي سامي,unblock
653,اتصال,اتصال,,call
654,انهي المكالمة,انهي المكالمة,,endCall
655,افتح الشات مع علاء صلاح,افتح الشات,علاء صلاح,openChat
656,اغلق المحادثة,اغلق المحادثة,,closeChat
657,ما هي المحادثة الحالية,المحادثة الحالية,,openedChat
658,اقرا الرسائل,اقرا الرسائل,,readMessages
659,ارسل رسالة نصية الى ياسر اسعد,رسالة نصية,ياسر اسعد,textMessage
660,ارسل رسالة صوتية الى هادي,رسالة صوتية,هادي,voiceMessage
661,قم بحظر علي سامر,حظر,علي سامر,block
662,فك الحظر,فك الحظر,,unblock
663,مكالمة,مكالمة,,call
664,ابدا مكالمة مع زياد سعيد,مكالمة,زياد سعيد,call
665,انهي الاتصال,انهي الاتصال,,endCall
666,مكالمة,مكالمة,,call
667,ابدأ الدردشة مع محمد,ابدأ الدردشة,محمد,openChat
668,مكالمة,مكالمة,,call
669,مكالمة,مكالمة,,call
670,اتصل بطارق علي,اتصل,طارق علي,call
671,مكالمة,مكالمة,,call
672,مكالمة,مكالمة,,call
673,محادثة من مفتوحة الان,محادثة مفتوحة,,openedChat
674,اقرا رسائل وائل وائل,اقرا رسائل,وائل وائل,readMessages
675,اغلق المكالمة,اغلق المكالمة,,endCall
676,رسالة نصية الى محمود ياسر,رسالة نصية,محمود ياسر,textMessage
677,انهي الدردشة,انهي الدردشة,,closeChat
678,ارسل رسالة نصية,رسالة نصية,,textMessage
679,هل توجد محادثة مفتوحة,محادثة مفتوحة,,openedChat
680,اقرا الرسائل,اقرا الرسائل,,readMessages
681,ارسل رسالة صوتية,رسالة صوتية,,voiceMessage
682,ارسل رسالة نصية الى سيد,رسالة نصية,سيد,textMessage
683,ارسل رسالة صوتية الى اسعد سعيد,رسالة صوتية,اسعد سعيد,voiceMessage
685,حظر,حظر,,block
684,حظر,حظر,,block
686,قم بفك الحظر عن سامح,فك الحظر,سامح,unblock
687,قم بفك الحظر عن سامح,فك الحظر,سامح,unblock
688,قم بفك الحظر عن عبدالله محمد,فك الحظر,عبدالله محمد,unblock
689,اتصل على هادي ايهاب,اتصل,هادي ايهاب,call
690,اغلق الاتصال,اغلق الاتصال,,endCall
691,اغلق الاتصال,اغلق الاتصال,,endCall
692,افتح المحادثة مع سامح سامي,افتح المحادثة,سامح سامي,openChat
693,انهي الشات,انهي الشات,,closeChat
694,ما هي المحادثة الحالية,المحادثة الحالية,,openedChat
695,اقرا رسائل طارق,اقرا رسائل,طارق,readMessages
696,رسالة نصية الى صلاح,رسالة نصية,صلاح,textMessage
697,ارسل رسالة صوتية,رسالة صوتية,,voiceMessage
698,حظر عبدالرحمن طارق,حظر,عبدالرحمن طارق,block
699,فك الحظر عن صلاح,فك الحظر,صلاح,unblock
700,اتصل,اتصل,,call
701,اتصل,اتصل,,call
702,انهي المكالمة,انهي المكالمة,,endCall
703,افتح محادثة ياسر وليد,افتح محادثة,ياسر وليد,openChat
704,انهي المحادثة,انهي المحادثة,,closeChat
705,محادثة من مفتوحة الان,محادثة مفتوحة,,openedChat
706,اقرا الرسائل,اقرا الرسائل,,readMessages
707,ارسل رسالة نصية,رسالة نصية,,textMessage
708,ارسل رسالة صوتية الى اسعد هاني,رسالة صوتية,اسعد هاني,voiceMessage
709,قم بحظر سامي مهاب,حظر,سامي مهاب,block
710,فك الحظر,فك الحظر,,unblock
711,اتصال,اتصال,,call
712,مكالمة,مكالمة,,call
713,انهي الاتصال,انهي الاتصال,,endCall
714,افتح شات ايهاب مهاب,افتح شات,ايهاب مهاب,openChat
715,اغلق الدردشة,اغلق الدردشة,,closeChat
716,هل توجد محادثة مفتوحة,محادثة مفتوحة,,openedChat
717,اقرا رسائل هادي هادي,اقرا رسائل,هادي هادي,readMessages
718,ارسل رسالة نصية الى سلمان,رسالة نصية,سلمان,textMessage
719,ارسل رسالة صوتية,رسالة صوتية,,voiceMessage
720,حظر,حظر,,block
721,قم بفك الحظر عن احمد,فك الحظر,احمد,unblock
722,ابدا مكالمة مع صلاح,مكالمة,صلاح,call
723,اتصل بطارق هادي,اتصل,طارق هادي,call
724,اتصل على عبدالعزيز عبدالله,اتصل,عبدالعزيز عبدالله,call
725,اتصل,اتصل,,call
726,اغلق المكالمة,اغلق المكالمة,,endCall
727,افتح الدردشة مع سعيد زياد,افتح الدردشة,سعيد زياد,openChat
728,اغلق الشات,اغلق الشات,,closeChat
729,ما هي المحادثة الحالية,المحادثة الحالية,,openedChat
730,ما هي المحادثة الحالية,المحادثة الحالية,,openedChat
731,اقرا الرسائل,اقرا الرسائل,,readMessages
732,رسالة نصية الى عبدالرحمن,رسالة نصية,عبدالرحمن,textMessage
733,ارسل رسالة صوتية الى عبدالله,رسالة صوتية,عبدالله,voiceMessage
734,حظر علاء,حظر,علاء,block
735,فك الحظر عن سامي علي,فك الحظر,سامي علي,unblock
736,اتصال,اتصال,,call
737,اتصال,اتصال,,call
738,اغلق الاتصال,اغلق الاتصال,,endCall
739,افتح الشات مع وائل,افتح الشات,وائل,openChat
740,اغلق المحادثة,اغلق المحادثة,,closeChat
741,محادثة من مفتوحة الان,محادثة مفتوحة,,openedChat
742,اقرا رسائل سامح,اقرا رسائل,سامح,readMessages
743,ارسل رسالة نصية,رسالة نصية,,textMessage
744,ارسل رسالة صوتية,رسالة صوتية,,voiceMessage
745,قم بحظر صلاح سليمان,حظر,صلاح سليمان,block
746,فك الحظر,فك الحظر,,unblock
747,فك الحظر,فك الحظر,,unblock
748,فك الحظر,فك الحظر,,unblock
749,فك الحظر,فك الحظر,,unblock
750,مكالمة,مكالمة,,call
751,انهي المكالمة,انهي المكالمة,,endCall
752,مكالمة,مكالمة,,call
753,انهي الاتصال,انهي الاتصال,,endCall
754,ابدا مكالمة مع اسعد بهاء,مكالمة,اسعد بهاء,call
755,اغلق المكالمة,اغلق المكالمة,,endCall
756,ابدأ الدردشة مع مهاب,ابدأ الدردشة,مهاب,openChat
757,انهي الدردشة,انهي الدردشة,,closeChat
758,هل توجد محادثة مفتوحة,محادثة مفتوحة,,openedChat
759,اقرا الرسائل,اقرا الرسائل,,readMessages
760,ارسل رسالة نصية الى محمود سليمان,رسالة نصية,محمود سليمان,textMessage
761,ارسل رسالة صوتية الى علي,رسالة صوتية,علي,voiceMessage
762,حظر,حظر,,block
763,قم بفك الحظر عن ياسر علي,فك الحظر,ياسر علي,unblock
764,اتصل بسامر زياد,اتصل,سامر زياد,call
765,اغلق الاتصال,اغلق الاتصال,,endCall
766,انهي الشات,انهي الشات,,closeChat
767,انهي الشات,انهي الشات,,closeChat
768,ما هي المحادثة الحالية,المحادثة الحالية,,openedChat
769,اقرا رسائل سامر مهاب,اقرا رسائل,سامر مهاب,readMessages
770,رسالة نصية الى سعيد,رسالة نصية,سعيد,textMessage
771,ارسل رسالة صوتية,رسالة صوتية,,voiceMessage
772,حظر علاء زياد,حظر,علاء زياد,block
773,فك الحظر عن سليمان,فك الحظر,سليمان,unblock
774,قم بحظر عبدالله سامح,حظر,عبدالله سامح,block
775,فك الحظر,فك الحظر,,unblock
776,اتصل على احمد,اتصل,احمد,call
777,انهي المكالمة,انهي المكالمة,,endCall
778,انهي المحادثة,انهي المحادثة,,closeChat
779,انهي المحادثة,انهي المحادثة,,closeChat
780,محادثة من مفتوحة الان,محادثة مفتوحة,,openedChat
781,اقرا الرسائل,اقرا الرسائل,,readMessages
782,ارسل رسالة نصية,رسالة نصية,,textMessage
783,ارسل رسالة صوتية الى زياد,رسالة صوتية,زياد,voiceMessage
784,حظر,حظر,,block
785,قم بفك الحظر عن زياد,فك الحظر,زياد,unblock
786,اتصل,اتصل,,call
787,اتصال,اتصال,,call
788,انهي الاتصال,انهي الاتصال,,endCall
789,افتح المحادثة مع وائل طارق,افتح المحادثة,وائل طارق,openChat
790,اغلق الدردشة,اغلق الدردشة,,closeChat
791,هل توجد محادثة مفتوحة,محادثة مفتوحة,,openedChat
792,اقرا رسائل احمد,اقرا رسائل,احمد,readMessages
793,ارسل رسالة نصية الى عبدالرحمن,رسالة نصية,عبدالرحمن,textMessage
794,ارسل رسالة صوتية,رسالة صوتية,,voiceMessage
795,حظر سليمان,حظر,سليمان,block
796,فك الحظر عن سعيد,فك الحظر,سعيد,unblock
797,مكالمة,مكالمة,,call
798,ابدا مكالمة مع مهاب عبدالرحمن,مكالمة,مهاب عبدالرحمن,call
799,اغلق المكالمة,اغلق المكالمة,,endCall
800,افتح محادثة ياسر محمد,افتح محادثة,ياسر محمد,openChat
801,اغلق الشات,اغلق الشات,,closeChat
802,ما هي المحادثة الحالية,المحادثة الحالية,,openedChat
803,اقرا الرسائل,اقرا الرسائل,,readMessages
804,رسالة نصية الى سامر وائل,رسالة نصية,سامر وائل,textMessage
805,ارسل رسالة صوتية الى هادي عبدالعزيز,رسالة صوتية,هادي عبدالعزيز,voiceMessage
806,قم بحظر سلمان ايهاب,حظر,سلمان ايهاب,block
807,فك الحظر,فك الحظر,,unblock
808,فك الحظر,فك الحظر,,unblock
809,اتصل بعبدالله بهاء,اتصل,عبدالله بهاء,call
810,اغلق الاتصال,اغلق الاتصال,,endCall
811,افتح شات احمد,افتح شات,احمد,openChat
812,اغلق المحادثة,اغلق المحادثة,,closeChat
813,محادثة من مفتوحة الان,محادثة مفتوحة,,openedChat
814,اقرا رسائل ياسر,اقرا رسائل,ياسر,readMessages
815,ارسل رسالة نصية,رسالة نصية,,textMessage
816,ارسل رسالة صوتية,رسالة صوتية,,voiceMessage
817,حظر,حظر,,block
818,قم بفك الحظر عن ياسر,فك الحظر,ياسر,unblock
819,قم بفك الحظر عن ياسر,فك الحظر,ياسر,unblock
820,اتصل على صلاح,اتصل,صلاح,call
821,انهي المكالمة,انهي المكالمة,,endCall
822,افتح الدردشة مع وليد,افتح الدردشة,وليد,openChat
823,انهي الدردشة,انهي الدردشة,,closeChat
824,هل توجد محادثة مفتوحة,محادثة مفتوحة,,openedChat
825,اقرا الرسائل,اقرا الرسائل,,readMessages
826,ارسل رسالة نصية الى بهاء علاء,رسالة نصية,بهاء علاء,textMessage
827,ارسل رسالة صوتية الى صلاح طارق,رسالة صوتية,صلاح طارق,voiceMessage
828,حظر سليمان سامح,حظر,سليمان سامح,block
829,فك الحظر عن بهاء سامر,فك الحظر,بهاء سامر,unblock
830,اتصل,اتصل,,call
831,انهي الاتصال,انهي الاتصال,,endCall
832,افتح الشات مع اسعد,افتح الشات,اسعد,openChat
833,انهي الشات,انهي الشات,,closeChat
834,ما هي المحادثة الحالية,المحادثة الحالية,,openedChat
835,اقرا رسائل سعيد سامح,اقرا رسائل,سعيد سامح,readMessages
836,رسالة نصية الى سامر,رسالة نصية,سامر,textMessage
837,قم بحظر محمود,حظر,محمود,block
838,فك الحظر,فك الحظر,,unblock
839,قم بفك الحظر عن علي وائل,فك الحظر,علي وائل,unblock
840,فك الحظر عن احمد محمد,فك الحظر,احمد محمد,unblock
841,ابدأ الدردشة مع وائل,ابدأ الدردشة,وائل,openChat
842,اتصال,اتصال,,call
843,اغلق المكالمة,اغلق المكالمة,,endCall
844,مكالمة,مكالمة,,call
845,اغلق الاتصال,اغلق الاتصال,,endCall
846,اغلق الاتصال,اغلق الاتصال,,endCall
847,افتح المحادثة مع سعيد,افتح المحادثة,سعيد,openChat
848,انهي المحادثة,انهي المحادثة,,closeChat
850,اقرا الرسائل,اقرا الرسائل,,readMessages
849,محادثة من مفتوحة الان,محادثة مفتوحة,,openedChat
851,ارسل رسالة نصية,رسالة نصية,,textMessage
852,ارسل رسالة نصية,رسالة نصية,,textMessage
853,ارسل رسالة صوتية,رسالة صوتية,,voiceMessage
854,ارسل رسالة صوتية,رسالة صوتية,,voiceMessage
855,حظر,حظر,,block
856,فك الحظر,فك الحظر,,unblock
857,ابدا مكالمة مع سعيد عبدالعزيز,مكالمة,سعيد عبدالعزيز,call
858,انهي المكالمة,انهي المكالمة,,endCall
859,افتح محادثة ياسر وائل,افتح محادثة,ياسر وائل,openChat
860,انهي الاتصال,انهي الاتصال,,endCall
861,انهي الاتصال,انهي الاتصال,,endCall
862,افتح شات احمد عبدالعزيز,افتح شات,احمد عبدالعزيز,openChat
863,اغلق الدردشة,اغلق الدردشة,,closeChat
864,اغلق الدردشة,اغلق الدردشة,,closeChat
865,هل توجد محادثة مفتوحة,محادثة مفتوحة,,readMessages
866,ارسل رسالة نصية الى سامي صلاح,رسالة نصية,سامي صلاح,textMessage
867,ارسل رسالة نصية الى محمد وليد,رسالة نصية,محمد وليد,textMessage
868,حظر عبدالرحمن,حظر,عبدالرحمن,block
869,ارسل رسالة صوتية الى صلاح عبدالعزيز,رسالة صوتية,صلاح عبدالعزيز,voiceMessage
870,رسالة نصية الى ياسر,رسالة نصية,ياسر,textMessage
871,هل توجد محادثة مفتوحة,محادثة مفتوحة,,openedChat
872,قم بحظر وائل,حظر,وائل,block
873,قم بفك الحظر عن سيد,فك الحظر,سيد,unblock
874,اتصل بعلي عبدالله,اتصل,علي عبدالله,call
875,اغلق المكالمة,اغلق المكالمة,,endCall
876,اغلق المكالمة,اغلق المكالمة,,openChat
877,اتصل على احمد,اتصل,احمد,call
878,اتصل,اتصل,,call
879,اغلق الاتصال,اغلق الاتصال,,endCall
880,اتصال,اتصال,,call
881,مكالمة,مكالمة,,call
882,ابدا مكالمة مع سامر,مكالمة,سامر,call
883,اتصل بعبدالعزيز,اتصل,عبدالعزيز,call
884,اتصل على عبدالله مهاب,اتصل,عبدالله مهاب,call
885,اتصل,اتصل,,call
886,اتصل,اتصل,,call
887,انهي المكالمة,انهي المكالمة,,endCall
888,افتح الدردشة مع عبدالرحمن,افتح الدردشة,عبدالرحمن,openChat
889,اغلق الشات,اغلق الشات,,closeChat
890,ما هي المحادثة الحالية,المحادثة الحالية,,openedChat
891,اقرا رسائل سليمان,اقرا رسائل,سليمان,readMessages
892,ارسل رسالة نصية,رسالة نصية,,textMessage
893,ارسل رسالة صوتية,رسالة صوتية,,voiceMessage
894,حظر,حظر,,block
895,فك الحظر عن احمد هادي,فك الحظر,احمد هادي,unblock
896,اتصال,اتصال,,call
897,انهي الاتصال,انهي الاتصال,,endCall
898,اغلق المحادثة,اغلق المحادثة,,closeChat
899,محادثة من مفتوحة الان,محادثة مفتوحة,,openedChat
900,اقرا الرسائل,اقرا الرسائل,,readMessages
901,اغلق المكالمة,اغلق المكالمة,,endCall
902,هل توجد محادثة مفتوحة,محادثة مفتوحة,,openedChat
903,اقرا رسائل بهاء محمد,اقرا رسائل,بهاء محمد,readMessages
904,ارسل رسالة نصية الى سعيد,رسالة نصية,سعيد,textMessage
905,ارسل رسالة صوتية الى سامي,رسالة صوتية,سامي,voiceMessage
906,حظر عبدالله,حظر,عبدالله,block
907,فك الحظر,فك الحظر,,unblock
908,مكالمة,مكالمة,,call
909,مكالمة,مكالمة,,call
910,اغلق الاتصال,اغلق الاتصال,,endCall
911,افتح الشات مع هاني سامي,افتح الشات,هاني سامي,openChat
912,انهي الدردشة,انهي الدردشة,,closeChat
913,ما هي المحادثة الحالية,المحادثة الحالية,,openedChat
914,رسالة نصية الى سعيد,رسالة نصية,سعيد,textMessage
915,رسالة نصية الى سعيد,رسالة نصية,سعيد,textMessage
916,ارسل رسالة صوتية,رسالة صوتية,,voiceMessage
917,قم بحظر محمود,حظر,محمود,block
918,قم بفك الحظر عن ايهاب زياد,فك الحظر,ايهاب زياد,unblock
919,ابدا مكالمة مع مهاب محمد,مكالمة,مهاب محمد,call
920,انهي المكالمة,انهي المكالمة,,endCall
921,ابدأ الدردشة مع سامح,ابدأ الدردشة,سامح,openChat
922,انهي الشات,انهي الشات,,closeChat
923,محادثة من مفتوحة الان,محادثة مفتوحة,,openedChat
924,اقرا الرسائل,اقرا الرسائل,,readMessages
925,ارسل رسالة نصية,رسالة نصية,,textMessage
926,ارسل رسالة صوتية الى مهاب,رسالة صوتية,مهاب,voiceMessage
927,حظر,حظر,,block
928,فك الحظر عن علاء ياسر,فك الحظر,علاء ياسر,unblock
929,اتصل ببهاء,اتصل,بهاء,call
930,اتصل ببهاء,اتصل,بهاء,call
931,اتصل على هادي,اتصل,هادي,call
932,انهي الاتصال,انهي الاتصال,,endCall
933,افتح المحادثة مع وليد هادي,افتح المحادثة,وليد هادي,openChat
934,انهي المحادثة,انهي المحادثة,,closeChat
935,هل توجد محادثة مفتوحة,محادثة مفتوحة,,openedChat
936,اقرا رسائل سامح محمد,اقرا رسائل,سامح محمد,readMessages
937,ارسل رسالة نصية الى ايهاب صلاح,رسالة نصية,ايهاب صلاح,textMessage
938,اتصل,اتصل,,call
939,ارسل رسالة صوتية,رسالة صوتية,,voiceMessage
940,حظر محمد,حظر,محمد,block
941,فك الحظر,فك الحظر,,unblock
942,اغلق المكالمة,اغلق المكالمة,,endCall
943,افتح محادثة ياسر عبدالعزيز,افتح محادثة,ياسر عبدالعزيز,openChat
944,اغلق الدردشة,اغلق الدردشة,,closeChat
945,اتصال,اتصال,,call
945,ما هي المحادثة الحالية,المحادثة الحالية,,openedChat
947,اقرا الرسائل,اقرا الرسائل,,readMessages
948,رسالة نصية الى بهاء,رسالة نصية,بهاء,textMessage
949,ارسل رسالة صوتية الى هادي صلاح,رسالة صوتية,هادي صلاح,voiceMessage
950,قم بحظر وائل,حظر,وائل,block
951,قم بفك الحظر عن وائل علي,فك الحظر,وائل علي,unblock
952,افتح شات عبدالله طارق,افتح شات,عبدالله طارق,openChat
953,اغلق الشات,اغلق الشات,,closeChat
954,محادثة من مفتوحة الان,محادثة مفتوحة,,openedChat
955,اقرا رسائل ياسر وليد,اقرا رسائل,ياسر وليد,readMessages
956,ارسل رسالة نصية,رسالة نصية,,textMessage
957,ارسل رسالة صوتية,رسالة صوتية,,voiceMessage
958,حظر,حظر,,block
959,فك الحظر عن محمد,فك الحظر,محمد,unblock
960,مكالمة,مكالمة,,call
961,اغلق الاتصال,اغلق الاتصال,,endCall
962,افتح الدردشة مع وليد,افتح الدردشة,وليد,openChat
963,هل توجد محادثة مفتوحة,محادثة مفتوحة,,openedChat
964,اقرا الرسائل,اقرا الرسائل,,readMessages
965,ارسل رسالة نصية الى طارق,رسالة نصية,طارق,textMessage
966,ارسل رسالة صوتية الى محمد سامر,رسالة صوتية,محمد سامر,voiceMessage
967,حظر اسعد عبدالله,حظر,اسعد عبدالله,block
968,فك الحظر,فك الحظر,,unblock
969,ابدا مكالمة مع سعيد وائل,مكالمة,سعيد وائل,call
970,انهي المكالمة,انهي المكالمة,,endCall
971,ابدا مكالمة مع سلمان هاني,مكالمة,سلمان هاني,call
972,افتح الشات مع ياسر سعيد,افتح الشات,ياسر سعيد,openChat
973,ابدا مكالمة مع سلمان هاني,مكالمة,سلمان هاني,call
974,اغلق المحادثة,اغلق المحادثة,,closeChat
975,ابدا مكالمة مع سلمان هاني,مكالمة,سلمان هاني,call
976,ما هي المحادثة الحالية,المحادثة الحالية,,openedChat
977,اقرا رسائل سلمان سامي,اقرا رسائل,سلمان سامي,readMessages
978,انهي الاتصال,انهي الاتصال,,endCall
979,رسالة نصية الى سليمان سعيد,رسالة نصية,سليمان سعيد,textMessage
980,ابدأ الدردشة مع ايهاب هاني,ابدأ الدردشة,ايهاب هاني,openChat
981,ارسل رسالة صوتية,رسالة صوتية,,voiceMessage
982,انهي الدردشة,انهي الدردشة,,closeChat
983,قم بحظر بهاء ايهاب,حظر,بهاء ايهاب,block
984,قم بفك الحظر عن محمود,فك الحظر,محمود,unblock
985,محادثة من مفتوحة الان,محادثة مفتوحة,,openedChat
986,اقرا الرسائل,اقرا الرسائل,,readMessages
987,ارسل رسالة نصية,رسالة نصية,,textMessage
988,ارسل رسالة صوتية الى سامي,رسالة صوتية,سامي,voiceMessage
989,حظر,حظر,,block
990,فك الحظر عن سليمان,فك الحظر,سليمان,unblock
991,فك الحظر عن سليمان,فك الحظر,سليمان,unblock
992,فك الحظر عن سليمان,فك الحظر,سليمان,unblock
994,اغلق المكالمة,اغلق المكالمة,,endCall
992,اتصل بسيد,اتصل,سيد,call
995,افتح المحادثة مع اسعد,افتح المحادثة,اسعد,openChat
996,انهي الشات,انهي الشات,,closeChat
997,هل توجد محادثة مفتوحة,محادثة مفتوحة,,openedChat
998,اقرا رسائل هاني سيد,اقرا رسائل,هاني سيد,readMessages
999,ارسل رسالة نصية الى سامح,رسالة نصية,سامح,textMessage
1000,ارسل رسالة صوتية,رسالة صوتية,,voiceMessage
1001,حظر علي,حظر,علي,block
1002,فك الحظر,فك الحظر,,unblock
1003,اتصل على هاني,اتصل,هاني,call
1004,اتصل على هاني,اتصل,هاني,call
1005,اتصل,اتصل,,call
1006,اغلق الاتصال,اغلق الاتصال,,endCall
1007,اغلق الاتصال,اغلق الاتصال,,endCall
1008,افتح محادثة وائل,افتح محادثة,وائل,openChat
1009,انهي المحادثة,انهي المحادثة,,closeChat
1010,ما هي المحادثة الحالية,المحادثة الحالية,,openedChat
1011,اقرا الرسائل,اقرا الرسائل,,readMessages
1012,رسالة نصية الى سامر صلاح,رسالة نصية,سامر صلاح,textMessage
1013,ارسل رسالة صوتية الى سامي علي,رسالة صوتية,سامي علي,voiceMessage
1014,قم بحظر عبدالعزيز عبدالله,حظر,عبدالعزيز عبدالله,block
1015,قم بفك الحظر عن عبدالعزيز وائل,فك الحظر,عبدالعزيز وائل,unblock
1016,قم بفك الحظر عن عبدالعزيز وائل,فك الحظر,عبدالعزيز وائل,unblock
1017,اتصال,اتصال,,call
1018,مكالمة,مكالمة,,call
1019,انهي المكالمة,انهي المكالمة,,endCall
1020,افتح شات عبدالعزيز,افتح شات,عبدالعزيز,openChat
1021,اغلق الدردشة,اغلق الدردشة,,closeChat
1022,محادثة من مفتوحة الان,محادثة مفتوحة,,openedChat
1023,اقرا رسائل سامي,اقرا رسائل,سامي,readMessages
1024,انهي الاتصال,انهي الاتصال,,endCall
1025,ارسل رسالة نصية,رسالة نصية,,textMessage
1026,ارسل رسالة صوتية,رسالة صوتية,,voiceMessage
1027,حظر,حظر,,block
1028,فك الحظر عن طارق,فك الحظر,طارق,unblock
1029,ابدا مكالمة مع سيد علي,مكالمة,سيد علي,call
1030,اغلق المكالمة,اغلق المكالمة,,endCall
1031,افتح الدردشة مع وائل,افتح الدردشة,وائل,openChat
1032,هل توجد محادثة مفتوحة,محادثة مفتوحة,,openedChat
1033,اقرا الرسائل,اقرا الرسائل,,readMessages
1034,ارسل رسالة نصية الى طارق,رسالة نصية,طارق,textMessage
1035,ارسل رسالة صوتية الى سامي عبدالرحمن,رسالة صوتية,سامي عبدالرحمن,voiceMessage
1036,حظر طارق,حظر,طارق,block
1037,فك الحظر,فك الحظر,,unblock
1038,مكالمة,مكالمة,,call
1039,اتصل بسامر,اتصل,سامر,call
1040,اغلق الاتصال,اغلق الاتصال,,endCall
1041,اتصل على سليمان,اتصل,سليمان,call
1042,انهي المكالمة,انهي المكالمة,,endCall
1043,اغلق الشات,اغلق الشات,,closeChat
1044,قم بحظر علي علي,حظر,علي علي,block
1045,رسالة نصية الى ايهاب احمد,رسالة نصية,ايهاب احمد,textMessage
1046,اتصل,اتصل,,call
1047,اتصال,اتصال,,call
1048,مكالمة,مكالمة,,call
1049,اتصل بطارق سامر,اتصل,طارق سامر,call
